{"app":["/app-5bffd24ba830f83899b6.js"],"component---src-pages-404-js":["/component---src-pages-404-js-b7a6eabb0b75690fda18.js"],"component---src-pages-about-js":["/component---src-pages-about-js-7c6425aa2ce4c01b986a.js"],"component---src-pages-blockfolio-js":["/component---src-pages-blockfolio-js-79cfcff3d0553ccfde54.js"],"component---src-pages-blockfolio-signal-js":["/component---src-pages-blockfolio-signal-js-88613ff2531bb3971239.js"],"component---src-pages-footer-js":["/component---src-pages-footer-js-a497f2f6c6f0aeac1211.js"],"component---src-pages-get-together-js":["/component---src-pages-get-together-js-0de08a115fd76d9e6096.js"],"component---src-pages-header-js":["/component---src-pages-header-js-2364b4f4065b2d1d0801.js"],"component---src-pages-index-js":["/component---src-pages-index-js-fd2f01e71a646ca3a9fe.js"],"component---src-pages-insights-container-js":["/component---src-pages-insights-container-js-428b2328d24bc3fa97bf.js"],"component---src-pages-kombucha-js":["/component---src-pages-kombucha-js-32d24d477637af37e0b4.js"],"component---src-pages-marquee-js":["/component---src-pages-marquee-js-4cd4f453162a1cfa8df1.js"],"component---src-pages-priceline-js":["/component---src-pages-priceline-js-002eb2b7b9351fffbaab.js"],"component---src-pages-project-header-js":["/component---src-pages-project-header-js-273c5887cd0738ed9b03.js"],"component---src-pages-radar-js":["/component---src-pages-radar-js-890593bc4f0edaf8d346.js"],"component---src-pages-seo-js":["/component---src-pages-seo-js-08feacc0204c23ca59ad.js"]}