{"errors":[],"warnings":[],"namedChunkGroups":{"app":{"chunks":[19,18,3],"assets":["webpack-runtime-4f50911b8b21d99fd0e8.js","webpack-runtime-4f50911b8b21d99fd0e8.js.map","framework-c152ba565b125b3af6dc.js","framework-c152ba565b125b3af6dc.js.map","app-5bffd24ba830f83899b6.js","app-5bffd24ba830f83899b6.js.map"],"children":{},"childAssets":{}},"component---src-pages-404-js":{"chunks":[4],"assets":["component---src-pages-404-js-b7a6eabb0b75690fda18.js","component---src-pages-404-js-b7a6eabb0b75690fda18.js.map"],"children":{},"childAssets":{}},"component---src-pages-about-js":{"chunks":[0,1,5],"assets":["styles.0e08356319b6240517aa.css","styles-89fd2ae28bdf06750a71.js","styles-89fd2ae28bdf06750a71.js.map","component---src-pages-header-js-2364b4f4065b2d1d0801.js","component---src-pages-header-js-2364b4f4065b2d1d0801.js.map","component---src-pages-about-js-7c6425aa2ce4c01b986a.js","component---src-pages-about-js-7c6425aa2ce4c01b986a.js.map"],"children":{},"childAssets":{}},"component---src-pages-blockfolio-js":{"chunks":[0,1,6],"assets":["styles.0e08356319b6240517aa.css","styles-89fd2ae28bdf06750a71.js","styles-89fd2ae28bdf06750a71.js.map","component---src-pages-header-js-2364b4f4065b2d1d0801.js","component---src-pages-header-js-2364b4f4065b2d1d0801.js.map","component---src-pages-blockfolio-js-79cfcff3d0553ccfde54.js","component---src-pages-blockfolio-js-79cfcff3d0553ccfde54.js.map"],"children":{},"childAssets":{}},"component---src-pages-blockfolio-signal-js":{"chunks":[0,1,7],"assets":["styles.0e08356319b6240517aa.css","styles-89fd2ae28bdf06750a71.js","styles-89fd2ae28bdf06750a71.js.map","component---src-pages-header-js-2364b4f4065b2d1d0801.js","component---src-pages-header-js-2364b4f4065b2d1d0801.js.map","component---src-pages-blockfolio-signal-js-88613ff2531bb3971239.js","component---src-pages-blockfolio-signal-js-88613ff2531bb3971239.js.map"],"children":{},"childAssets":{}},"component---src-pages-footer-js":{"chunks":[0,8],"assets":["styles.0e08356319b6240517aa.css","styles-89fd2ae28bdf06750a71.js","styles-89fd2ae28bdf06750a71.js.map","component---src-pages-footer-js-a497f2f6c6f0aeac1211.js","component---src-pages-footer-js-a497f2f6c6f0aeac1211.js.map"],"children":{},"childAssets":{}},"component---src-pages-get-together-js":{"chunks":[0,1,9],"assets":["styles.0e08356319b6240517aa.css","styles-89fd2ae28bdf06750a71.js","styles-89fd2ae28bdf06750a71.js.map","component---src-pages-header-js-2364b4f4065b2d1d0801.js","component---src-pages-header-js-2364b4f4065b2d1d0801.js.map","component---src-pages-get-together-js-0de08a115fd76d9e6096.js","component---src-pages-get-together-js-0de08a115fd76d9e6096.js.map"],"children":{},"childAssets":{}},"component---src-pages-header-js":{"chunks":[1],"assets":["component---src-pages-header-js-2364b4f4065b2d1d0801.js","component---src-pages-header-js-2364b4f4065b2d1d0801.js.map"],"children":{},"childAssets":{}},"component---src-pages-index-js":{"chunks":[0,1,2,10],"assets":["styles.0e08356319b6240517aa.css","styles-89fd2ae28bdf06750a71.js","styles-89fd2ae28bdf06750a71.js.map","component---src-pages-header-js-2364b4f4065b2d1d0801.js","component---src-pages-header-js-2364b4f4065b2d1d0801.js.map","b37b1573873168f11c95d4c9510aa4ab8e4bf1cc-33d58bb3794813465cf6.js","b37b1573873168f11c95d4c9510aa4ab8e4bf1cc-33d58bb3794813465cf6.js.map","component---src-pages-index-js-fd2f01e71a646ca3a9fe.js","component---src-pages-index-js-fd2f01e71a646ca3a9fe.js.map"],"children":{},"childAssets":{}},"component---src-pages-insights-container-js":{"chunks":[0,11],"assets":["styles.0e08356319b6240517aa.css","styles-89fd2ae28bdf06750a71.js","styles-89fd2ae28bdf06750a71.js.map","component---src-pages-insights-container-js-428b2328d24bc3fa97bf.js","component---src-pages-insights-container-js-428b2328d24bc3fa97bf.js.map"],"children":{},"childAssets":{}},"component---src-pages-kombucha-js":{"chunks":[0,1,12],"assets":["styles.0e08356319b6240517aa.css","styles-89fd2ae28bdf06750a71.js","styles-89fd2ae28bdf06750a71.js.map","component---src-pages-header-js-2364b4f4065b2d1d0801.js","component---src-pages-header-js-2364b4f4065b2d1d0801.js.map","component---src-pages-kombucha-js-32d24d477637af37e0b4.js","component---src-pages-kombucha-js-32d24d477637af37e0b4.js.map"],"children":{},"childAssets":{}},"component---src-pages-marquee-js":{"chunks":[0,13],"assets":["styles.0e08356319b6240517aa.css","styles-89fd2ae28bdf06750a71.js","styles-89fd2ae28bdf06750a71.js.map","component---src-pages-marquee-js-4cd4f453162a1cfa8df1.js","component---src-pages-marquee-js-4cd4f453162a1cfa8df1.js.map"],"children":{},"childAssets":{}},"component---src-pages-priceline-js":{"chunks":[0,1,14],"assets":["styles.0e08356319b6240517aa.css","styles-89fd2ae28bdf06750a71.js","styles-89fd2ae28bdf06750a71.js.map","component---src-pages-header-js-2364b4f4065b2d1d0801.js","component---src-pages-header-js-2364b4f4065b2d1d0801.js.map","component---src-pages-priceline-js-002eb2b7b9351fffbaab.js","component---src-pages-priceline-js-002eb2b7b9351fffbaab.js.map"],"children":{},"childAssets":{}},"component---src-pages-project-header-js":{"chunks":[0,15],"assets":["styles.0e08356319b6240517aa.css","styles-89fd2ae28bdf06750a71.js","styles-89fd2ae28bdf06750a71.js.map","component---src-pages-project-header-js-273c5887cd0738ed9b03.js","component---src-pages-project-header-js-273c5887cd0738ed9b03.js.map"],"children":{},"childAssets":{}},"component---src-pages-radar-js":{"chunks":[0,1,16],"assets":["styles.0e08356319b6240517aa.css","styles-89fd2ae28bdf06750a71.js","styles-89fd2ae28bdf06750a71.js.map","component---src-pages-header-js-2364b4f4065b2d1d0801.js","component---src-pages-header-js-2364b4f4065b2d1d0801.js.map","component---src-pages-radar-js-890593bc4f0edaf8d346.js","component---src-pages-radar-js-890593bc4f0edaf8d346.js.map"],"children":{},"childAssets":{}},"component---src-pages-seo-js":{"chunks":[2,17],"assets":["b37b1573873168f11c95d4c9510aa4ab8e4bf1cc-33d58bb3794813465cf6.js","b37b1573873168f11c95d4c9510aa4ab8e4bf1cc-33d58bb3794813465cf6.js.map","component---src-pages-seo-js-08feacc0204c23ca59ad.js","component---src-pages-seo-js-08feacc0204c23ca59ad.js.map"],"children":{},"childAssets":{}}},"assetsByChunkName":{"app":["webpack-runtime-4f50911b8b21d99fd0e8.js","framework-c152ba565b125b3af6dc.js","app-5bffd24ba830f83899b6.js"],"component---src-pages-404-js":["component---src-pages-404-js-b7a6eabb0b75690fda18.js"],"component---src-pages-about-js":["styles.0e08356319b6240517aa.css","styles-89fd2ae28bdf06750a71.js","component---src-pages-header-js-2364b4f4065b2d1d0801.js","component---src-pages-about-js-7c6425aa2ce4c01b986a.js"],"component---src-pages-blockfolio-js":["styles.0e08356319b6240517aa.css","styles-89fd2ae28bdf06750a71.js","component---src-pages-header-js-2364b4f4065b2d1d0801.js","component---src-pages-blockfolio-js-79cfcff3d0553ccfde54.js"],"component---src-pages-blockfolio-signal-js":["styles.0e08356319b6240517aa.css","styles-89fd2ae28bdf06750a71.js","component---src-pages-header-js-2364b4f4065b2d1d0801.js","component---src-pages-blockfolio-signal-js-88613ff2531bb3971239.js"],"component---src-pages-footer-js":["styles.0e08356319b6240517aa.css","styles-89fd2ae28bdf06750a71.js","component---src-pages-footer-js-a497f2f6c6f0aeac1211.js"],"component---src-pages-get-together-js":["styles.0e08356319b6240517aa.css","styles-89fd2ae28bdf06750a71.js","component---src-pages-header-js-2364b4f4065b2d1d0801.js","component---src-pages-get-together-js-0de08a115fd76d9e6096.js"],"component---src-pages-header-js":["component---src-pages-header-js-2364b4f4065b2d1d0801.js"],"component---src-pages-index-js":["styles.0e08356319b6240517aa.css","styles-89fd2ae28bdf06750a71.js","component---src-pages-header-js-2364b4f4065b2d1d0801.js","b37b1573873168f11c95d4c9510aa4ab8e4bf1cc-33d58bb3794813465cf6.js","component---src-pages-index-js-fd2f01e71a646ca3a9fe.js"],"component---src-pages-insights-container-js":["styles.0e08356319b6240517aa.css","styles-89fd2ae28bdf06750a71.js","component---src-pages-insights-container-js-428b2328d24bc3fa97bf.js"],"component---src-pages-kombucha-js":["styles.0e08356319b6240517aa.css","styles-89fd2ae28bdf06750a71.js","component---src-pages-header-js-2364b4f4065b2d1d0801.js","component---src-pages-kombucha-js-32d24d477637af37e0b4.js"],"component---src-pages-marquee-js":["styles.0e08356319b6240517aa.css","styles-89fd2ae28bdf06750a71.js","component---src-pages-marquee-js-4cd4f453162a1cfa8df1.js"],"component---src-pages-priceline-js":["styles.0e08356319b6240517aa.css","styles-89fd2ae28bdf06750a71.js","component---src-pages-header-js-2364b4f4065b2d1d0801.js","component---src-pages-priceline-js-002eb2b7b9351fffbaab.js"],"component---src-pages-project-header-js":["styles.0e08356319b6240517aa.css","styles-89fd2ae28bdf06750a71.js","component---src-pages-project-header-js-273c5887cd0738ed9b03.js"],"component---src-pages-radar-js":["styles.0e08356319b6240517aa.css","styles-89fd2ae28bdf06750a71.js","component---src-pages-header-js-2364b4f4065b2d1d0801.js","component---src-pages-radar-js-890593bc4f0edaf8d346.js"],"component---src-pages-seo-js":["b37b1573873168f11c95d4c9510aa4ab8e4bf1cc-33d58bb3794813465cf6.js","component---src-pages-seo-js-08feacc0204c23ca59ad.js"]}}